date,close,btc_return,regime,exposure,position_held,strategy_return,equity_strategy,equity_buy_hold
2025-06-19,104722.695052907,,RANGE_BOUND,0.4,0.0,0.0,10000.0,10000.0
2025-06-20,104690.65002458123,-0.00030599888887106186,RANGE_BOUND,0.4,0.4,-0.0005223995555484248,9994.776004444515,9996.94001111129
2025-06-21,103290.105144757,-0.013377936611296048,RANGE_BOUND,0.4,0.4,-0.00535117464451842,9941.292212511891,9863.201581335714
2025-06-22,101532.5683847329,-0.017015538492878735,RANGE_BOUND,0.4,0.4,-0.006806215397151494,9873.62963638751,9695.373895165474
2025-06-23,100852.58264648831,-0.006697217937676414,RISK_OFF,0.2,0.4,-0.0026788871750705657,9847.179296583194,9630.441863202292
2025-06-24,105511.62437933135,0.04619655352975993,RANGE_BOUND,0.4,0.2,0.009039310705951986,9936.191009822229,10075.335086250956
2025-06-25,105976.06929808448,0.0044018364941798005,RANGE_BOUND,0.4,0.4,0.0015607345976719202,9951.698766900336,10119.685063924706
2025-06-26,107238.53045016268,0.011912700295830136,RISK_ON,1.0,0.4,0.004765080118332055,9999.119408838122,10240.237839179428
2025-06-27,106984.01253775663,-0.0023733812029841372,RISK_ON,1.0,1.0,-0.002973381202984137,9969.388215141487,10215.933851177833
2025-06-28,107078.91560644074,0.0008870771102422736,RISK_ON,1.0,1.0,0.0008870771102422736,9978.23183123026,10224.996172256964
2025-06-29,107331.58548463577,0.002359660412734277,RISK_ON,1.0,1.0,0.002359660412734277,10001.777069871498,10249.123690944998
2025-06-30,108396.61631317894,0.009922809056944537,RISK_ON,1.0,1.0,0.009922809056944537,10101.02279396596,10350.823788331254
2025-07-01,107132.79910701896,-0.011659194254814764,RISK_ON,1.0,1.0,-0.011659194254814764,9983.253007038798,10230.141523085744
2025-07-02,105613.39974163055,-0.014182392115701381,RISK_ON,1.0,1.0,-0.014182392115701381,9841.666598302718,10085.053644606223
2025-07-03,108824.44423167943,0.03040376029844971,RISK_ON,1.0,1.0,0.03040376029844971,10140.890270494774,10391.677198213838
2025-07-04,109602.20483914016,0.007146929285528403,RISK_ON,1.0,1.0,0.007146929285528403,10213.366496150302,10465.945780307511
2025-07-05,108040.8919400104,-0.014245269074844358,RISK_ON,1.0,1.0,-0.014245269074844358,10067.87434225264,10316.855566544298
2025-07-06,108217.46849992426,0.0016343493351749228,RISK_ON,1.0,1.0,0.0016343493351749228,10084.328765990527,10333.716912580576
2025-07-07,109215.19771840284,0.009219668804942183,RISK_ON,1.0,1.0,0.009219668804942183,10177.30293733311,10428.990360038597
2025-07-08,108300.71675785031,-0.0083732024448685,RISK_ON,1.0,1.0,-0.0083732024448685,10092.086319496066,10341.66631245841
2025-07-09,108953.19187727802,0.006024661137622678,RISK_ON,1.0,1.0,0.006024661137622678,10152.887719742666,10403.97134758934
2025-07-10,111327.53054245669,0.021792281843868055,RISK_ON,1.0,1.0,0.021792281843868055,10374.142310460446,10630.697623491535
2025-07-11,115879.65030112496,0.04088943441471771,RISK_ON,1.0,1.0,0.04088943441471771,10798.335122072966,11065.380836749988
2025-07-12,117571.02510036016,0.01459596050592138,EUPHORIA,0.3,1.0,0.01459596050592138,10955.947195044446,11226.890698426168
2025-07-13,117418.95745007684,-0.0012934109416288253,EUPHORIA,0.3,0.3,-0.0010880232824886475,10944.02686941452,11212.369715156354
2025-07-14,119117.55666327637,0.014466141158864687,EUPHORIA,0.3,0.3,0.004339842347659406,10991.522220676328,11374.569438181186
2025-07-15,119833.67446712355,0.006011857730355619,EUPHORIA,0.3,0.3,0.0018035573191066854,11011.346061025553,11442.951731387582
2025-07-16,117678.19493404306,-0.017987260614893752,RISK_ON,1.0,0.3,-0.005396178184468125,10951.926875629419,11237.124376391464
2025-07-17,118748.1627367753,0.009092319977646923,EUPHORIA,0.3,1.0,0.008392319977646924,11043.838950341493,11339.295906850233
2025-07-18,119445.36520434043,0.005871269512696342,EUPHORIA,0.3,0.3,0.0010613808538089027,11055.560669555935,11405.871969203565
2025-07-19,117988.94664455787,-0.012193177669899469,RISK_ON,1.0,0.3,-0.0036579533009698404,11015.11994491066,11266.798145802939
2025-07-20,117901.62655900871,-0.0007400700492072865,RISK_ON,1.0,1.0,-0.0014400700492072866,10999.257400589568,11258.459925944766
2025-07-21,117256.9208222684,-0.00546816660258409,RISK_ON,1.0,1.0,-0.00546816660258409,10939.111628618439,11196.896791381183
2025-07-22,117482.46977767294,0.0019235449287162698,RISK_ON,1.0,1.0,0.0019235449287162698,10960.15350131633,11218.434525421604
2025-07-23,119955.79570607653,0.021052723296370646,RISK_ON,1.0,1.0,0.021052723296370646,11190.89458026529,11454.613123303756
2025-07-24,118629.05588130427,-0.011060239457067356,RISK_ON,1.0,1.0,-0.011060239457067356,11067.120606468761,11327.922359271952
2025-07-25,118354.43517438594,-0.0023149531527343337,RISK_ON,1.0,1.0,-0.0023149531527343337,11041.500740729125,11301.698749692427
2025-07-26,117540.80837085741,-0.006874493569503426,RANGE_BOUND,0.4,1.0,-0.006874493569503426,10965.596014889314,11224.0052943132
2025-07-27,117959.54234360624,0.003562456125260516,RISK_ON,1.0,0.4,0.0008249824501042065,10974.642439156532,11263.990320723882
2025-07-28,119418.91405141471,0.012371798659216893,RISK_ON,1.0,1.0,0.011771798659216893,11103.83372030718,11403.346141071246
2025-07-29,118003.30201607826,-0.011854169388334723,RANGE_BOUND,0.4,1.0,-0.011854169388334723,10972.206994526756,11268.168944321174
2025-07-30,117853.30892863822,-0.0012710922904479727,RANGE_BOUND,0.4,0.4,-0.001108436916179189,10960.044995242062,11253.846061648583
2025-07-31,117833.24087995925,-0.0001702798916839443,RANGE_BOUND,0.4,0.4,-6.811195667357773e-05,10959.298485132205,11251.929757960177
2025-08-01,115700.00243915782,-0.01810387650268086,RANGE_BOUND,0.4,0.4,-0.007241550601072344,10879.936170599864,11048.226211205229
2025-08-02,113234.6051343189,-0.02130853286831491,RISK_OFF,0.2,0.4,-0.008523413147325964,10787.201979601306,10812.804719847181
2025-08-03,112554.90232221723,-0.006002606811719935,RISK_OFF,0.2,0.2,-0.0014005213623439871,10772.094272788954,10747.899704582029
2025-08-04,114199.10966460757,0.014608047348158903,RISK_OFF,0.2,0.2,0.002921609469631781,10803.566125424102,10904.905532359826
2025-08-05,115138.68613070177,0.00822752882096589,RISK_OFF,0.2,0.2,0.0016455057641931782,10821.34345575733,10994.625956917225
2025-08-06,114128.35408881678,-0.00877491376563122,RISK_OFF,0.2,0.2,-0.001754982753126244,10802.352184626818,10898.149062259905
2025-08-07,115022.09576830892,0.007831022243575125,RANGE_BOUND,0.4,0.2,0.001566204448715025,10819.270876674967,10983.49270998026
2025-08-08,117463.47451085235,0.02122530220159735,RANGE_BOUND,0.4,0.4,0.00829012088063894,10908.963940082978,11216.620661978634
2025-08-09,116688.36663186055,-0.006598714044681042,RANGE_BOUND,0.4,0.4,-0.002639485617872417,10880.16988665724,11142.605389682576
2025-08-10,116510.08393213755,-0.0015278532459491734,RANGE_BOUND,0.4,0.4,-0.0006111412983796694,10873.520565506116,11125.581123869619
2025-08-11,119266.92516880555,0.02366182517106208,RISK_ON,1.0,0.4,0.009464730068424833,10976.435502552098,11388.83267934909
2025-08-12,118773.79960860992,-0.004134637993707724,RISK_ON,1.0,1.0,-0.004734637993707724,10924.466053986233,11341.743979049073
2025-08-13,120202.53485503166,0.012029043872721079,RISK_ON,1.0,1.0,0.012029043872721079,11055.876935435685,11478.174314966223
2025-08-14,123560.99363577305,0.027939999641370283,RISK_ON,1.0,1.0,0.027939999641370283,11364.778133046791,11798.874501209964
2025-08-15,118405.59579823953,-0.041723505823612395,RANGE_BOUND,0.4,1.0,-0.041723505823612395,10890.59974642855,11306.58409224666
2025-08-16,117339.79190213277,-0.009001296677927928,RANGE_BOUND,0.4,0.4,-0.004200518671171171,10844.853578853426,11204.810174418408
2025-08-17,117501.21653394958,0.0013757023870593077,RANGE_BOUND,0.4,0.4,0.0005502809548237231,10850.821295235719,11220.2246585219
2025-08-18,117542.83687778088,0.0003542120248538616,RANGE_BOUND,0.4,0.4,0.00014168480994154465,10852.358691788646,11224.19899701751
2025-08-19,116256.41276740946,-0.010944300346511282,RANGE_BOUND,0.4,0.4,-0.004377720138604513,10804.850102592243,11101.35799204514
2025-08-20,112778.34483555844,-0.029917213588978364,RISK_OFF,0.2,0.4,-0.011966885435591346,10675.549699265785,10769.236293869413
2025-08-21,114252.39755195397,0.01307035245591548,RISK_OFF,0.2,0.2,0.002414070491183096,10701.32122877194,10909.994007911324
2025-08-22,112414.39987336512,-0.016087169442138394,RISK_OFF,0.2,0.2,-0.003217433888427679,10666.890435199539,10734.48308569334
2025-08-23,116834.24948202295,0.03931746834601957,RANGE_BOUND,0.4,0.2,0.007863493669203914,10750.769460606822,11156.535784625972
2025-08-24,115359.98346714744,-0.012618440409482456,RISK_OFF,0.2,0.4,-0.005247376163792982,10694.3561291968,11015.75770265141
2025-08-25,113399.54847314971,-0.016994064450052804,RISK_OFF,0.2,0.2,-0.003598812890010561,10655.869142508685,10828.555206286386
2025-08-26,110185.35443900425,-0.02834397559269386,RISK_OFF,0.2,0.2,-0.0056687951185387725,10595.463203529842,10521.630901815266
2025-08-27,111842.70999260596,0.01504152309569573,RISK_OFF,0.2,0.2,0.003008304619139146,10627.33758442694,10679.892256029307
2025-08-28,111216.08479629169,-0.005602736167209299,RISK_OFF,0.2,0.2,-0.0011205472334418598,10615.429150697857,10620.055637424552
2025-08-29,112525.59740669793,0.011774489389774878,RISK_OFF,0.2,0.2,0.002354897877954976,10640.42740227842,10745.101369846227
2025-08-30,108480.30666639366,-0.03594996012936935,RISK_OFF,0.2,0.2,-0.007189992025873871,10563.922814104148,10358.815404014224
2025-08-31,108781.95727925687,0.002780694691349561,RISK_OFF,0.2,0.2,0.0005561389382699123,10569.79782292195,10387.620107016835
2025-09-01,108253.36092385623,-0.0048592282086233896,RISK_OFF,0.2,0.2,-0.000971845641724678,10559.525610973833,10337.144290372355
2025-09-02,109162.68557992298,0.008399966969213635,RISK_OFF,0.2,0.2,0.001679993393842727,10577.265544242382,10423.975960967478
2025-09-03,111190.18209845416,0.01857316451826163,RISK_OFF,0.2,0.2,0.0037146329036523264,10616.556202863694,10617.582181424932
2025-09-04,111711.51977725117,0.004688702446187243,RANGE_BOUND,0.4,0.2,0.0009377404892374486,10626.511777471384,10667.364864971574
2025-09-05,110724.736377486,-0.008833318190754058,RANGE_BOUND,0.4,0.4,-0.0037333272763016233,10586.839531200609,10573.13663686241
2025-09-06,110662.18112628513,-0.0005649618436445181,RISK_OFF,0.2,0.4,-0.00022598473745780723,10584.447067048643,10567.163218094944
2025-09-07,110209.1888247784,-0.00409346984576231,RISK_OFF,0.2,0.2,-0.001018693969152462,10573.664754654628,10523.906854106424
2025-09-08,111131.9923868407,0.008373199838440648,RISK_OFF,0.2,0.2,0.0016746399676881296,10591.371836257707,10612.025629276994
2025-09-09,112025.12878118771,0.008036717196953314,RANGE_BOUND,0.4,0.2,0.0016073434393906628,10608.395808292864,10697.311478146312
2025-09-10,111547.43956434788,-0.004264125576439848,RANGE_BOUND,0.4,0.4,-0.0019056502305759393,10588.17991637475,10651.696798673205
2025-09-11,113975.32489468766,0.021765495826905124,RANGE_BOUND,0.4,0.4,0.00870619833076205,10680.3627106885,10883.536260894185
2025-09-12,115503.16663193036,0.013405021996247157,RISK_ON,1.0,0.4,0.005362008798498863,10737.630909514372,11029.430303868423
2025-09-13,116160.14344594491,0.005687954998741418,RISK_ON,1.0,1.0,0.005087954998741418,10792.263492375076,11092.165207098584
2025-09-14,115970.58488443034,-0.0016318726534870764,RISK_ON,1.0,1.0,-0.0016318726534870764,10774.651892712642,11074.064206029158
2025-09-15,115373.55555886829,-0.005148109981138904,RISK_ON,1.0,1.0,-0.005148109981138904,10719.182799760469,11017.053705558326
2025-09-16,115397.25272727509,0.00020539514702488937,RISK_ON,1.0,1.0,0.00020539514702488937,10721.384467887614,11019.316554923962
2025-09-17,116762.8496864193,0.011833877556614025,RISK_ON,1.0,1.0,0.011833877556614025,10848.26001891798,11149.717797792502
2025-09-18,116455.94648225319,-0.002628431945523202,RISK_ON,1.0,1.0,-0.002628431945523202,10819.746105730912,11120.411523349216
2025-09-19,117145.49508952006,0.005921111184923111,RISK_ON,1.0,1.0,0.005921111184923111,10883.811025415584,11186.256716401067
2025-09-20,115655.81046441344,-0.012716533606078717,RISK_ON,1.0,1.0,-0.012716533606078717,10745.406676748677,11044.006306940728
2025-09-21,115715.51536781774,0.0005162291731350965,RISK_ON,1.0,1.0,0.0005162291731350965,10750.953769152416,11049.70754518466
2025-09-22,115304.47999407038,-0.0035521198038208635,RISK_ON,1.0,1.0,-0.0035521198038208635,10712.765093359047,11010.457660186981
2025-09-23,112696.74101711863,-0.022616111508294012,RANGE_BOUND,0.4,1.0,-0.022616111508294012,10470.48400344548,10761.443921986842
2025-09-24,112022.16587861195,-0.005985755510039215,RANGE_BOUND,0.4,0.4,-0.0029943022040156858,10439.132210116853,10697.02854973483
2025-09-25,113320.56908541008,0.011590591885226376,RANGE_BOUND,0.4,0.4,0.004636236754090551,10487.530498550208,10821.013442039422
2025-09-26,108963.53013595635,-0.038448791641434665,RISK_OFF,0.2,0.4,-0.015379516656573868,10326.23734856143,10404.958550857284
2025-09-27,109710.20874667744,0.0068525552521054856,RISK_OFF,0.2,0.2,0.0011705110504210971,10338.324323487192,10476.2591042229
2025-09-28,109654.81021075726,-0.0005049533361849434,RISK_OFF,0.2,0.2,-0.00010099066723698869,10337.28024921565,10470.969082237485
2025-09-29,112142.57362752674,0.022687225594463012,RISK_OFF,0.2,0.2,0.0045374451188926026,10384.18509102508,10708.526319998855
2025-09-30,114309.15041119447,0.019319841819074535,RANGE_BOUND,0.4,0.2,0.003863968363814907,10424.309253700798,10915.413354616627
2025-10-01,114024.22783550054,-0.002492561397482218,RANGE_BOUND,0.4,0.4,-0.0011970245589928874,10411.831099513582,10888.20601665135
2025-10-02,118503.24451752483,0.03928127177047003,RISK_ON,1.0,0.4,0.015712508708188012,10575.427086332871,11315.908596284298
2025-10-03,120611.71911591051,0.01779254742745784,RISK_ON,1.0,1.0,0.01719254742745784,10757.245618080273,11517.247436668466
2025-10-04,122250.15186842803,0.013584357842897132,RISK_ON,1.0,1.0,0.013584357842897132,10903.375891960211,11673.70184721336
2025-10-05,122380.93708463266,0.0010698163904563351,RISK_ON,1.0,1.0,0.0010698163904563351,10915.040502200736,11686.19056478681
2025-10-06,123506.18520027678,0.009194635557218778,RISK_ON,1.0,1.0,0.009194635557218778,11015.400321710755,11793.640828082232
2025-10-07,124773.50823074432,0.010261211034997553,RISK_ON,1.0,1.0,0.010261211034997553,11128.43166904681,11914.657865490148
2025-10-08,121518.75593575071,-0.026085283175452445,RISK_ON,1.0,1.0,-0.026085283175452445,10838.143377661052,11603.860641130206
2025-10-09,123352.50487523204,0.015090254383865354,RISK_ON,1.0,1.0,0.015090254383865354,11001.693718278762,11778.965850039784
2025-10-10,121698.03066778315,-0.013412570819882008,RISK_ON,1.0,1.0,-0.013412570819882008,10854.132722143697,11620.979636391154
2025-10-11,113201.74064138904,-0.06981452353643813,RANGE_BOUND,0.4,1.0,-0.06981452353643813,10096.356617745972,10809.666480049855
2025-10-12,110853.11663883903,-0.02074724283604612,RISK_OFF,0.2,0.4,-0.008898897134418448,10006.510178772245,10585.395704611594
2025-10-13,115189.5714637257,0.03911892562312791,RISK_OFF,0.2,0.2,0.0076237851246255825,10082.797662222585,10999.485011871673
2025-10-14,115222.28302116522,0.000283980199108802,RISK_OFF,0.2,0.2,5.679603982176041e-05,10083.370325200123,11002.608647815438
2025-10-15,113156.56943826913,-0.01792807370876892,RISK_OFF,0.2,0.2,-0.0035856147417537843,10047.215243915522,10805.353068988663
2025-10-16,110708.66960879423,-0.02163285650693325,RISK_OFF,0.2,0.2,-0.00432657130138665,10003.745250782342,10571.60241654048
2025-10-17,108076.72862033188,-0.023773576159506815,RISK_OFF,0.2,0.2,-0.004754715231901363,9956.180290862385,10320.277621362828
2025-10-18,106443.61194984635,-0.015110715242155237,RISK_OFF,0.2,0.2,-0.0030221430484310475,9926.09128980743,10164.330845006427
2025-10-19,107156.00337647724,0.0066926649103804525,RISK_OFF,0.2,0.2,0.0013385329820760905,9939.377690381936,10232.357305390298
2025-10-20,108621.134857428,0.013672882851026413,RISK_OFF,0.2,0.2,0.002734576570205283,9966.557679736476,10372.263128116743
2025-10-21,110608.5714932665,0.01829696070149822,RISK_OFF,0.2,0.2,0.0036593921402996443,10003.029222575546,10562.044018957495
2025-10-22,108486.10262716639,-0.019189008929830775,RISK_OFF,0.2,0.2,-0.003837801785966155,9964.639579160073,10359.368861960455
2025-10-23,107618.4266715404,-0.007998037855668327,RISK_OFF,0.2,0.2,-0.0015996075711336656,9948.700066245632,10276.514237641662
2025-10-24,110048.51827291629,0.02258062746812617,RISK_OFF,0.2,0.2,0.004516125493625234,9993.629644243234,10508.564377312743
2025-10-25,110997.80437129698,0.008626068876515847,RISK_OFF,0.2,0.2,0.0017252137753031695,10010.870791770763,10599.211977424746
2025-10-26,111620.3093731354,0.005608264103640126,RANGE_BOUND,0.4,0.2,0.0011216528207280251,10022.099513232297,10658.655157484609
2025-10-27,114476.01227508577,0.025584079796840964,RANGE_BOUND,0.4,0.4,0.010033631918736385,10122.657570801017,10931.347041560706
2025-10-28,114182.79442806762,-0.0025613911699994274,RISK_OFF,0.2,0.4,-0.001024556467999771,10112.286336513505,10903.347585772253
2025-10-29,112950.34863259472,-0.010793620892237898,RANGE_BOUND,0.4,0.2,-0.00235872417844758,10088.434242232184,10785.660985475131
2025-10-30,110046.66925837283,-0.025707573366302583,RISK_OFF,0.2,0.4,-0.010483029346521034,9982.676890010418,10508.38781438696
2025-10-31,108240.76528725718,-0.01641034647650863,RISK_OFF,0.2,0.2,-0.003482069295301726,9947.916517326794,10335.941529443351
2025-11-01,109573.90555629115,0.012316434251882669,RANGE_BOUND,0.4,0.2,0.002463286850376534,9972.421089272568,10463.243473722043
2025-11-02,110014.13556776087,0.004017653740046256,RANGE_BOUND,0.4,0.4,0.0014070614960185026,9986.452899009366,10505.281162997258
2025-11-03,110650.2092823146,0.005781745330007526,RANGE_BOUND,0.4,0.4,0.0023126981320030107,10009.54854997424,10566.020023301831
2025-11-04,106521.08673825761,-0.03731689773420921,RISK_OFF,0.2,0.4,-0.014926759093683684,9860.138430132245,10171.728934634672
2025-11-05,101635.2740227234,-0.04586709416079815,RISK_OFF,0.2,0.2,-0.00937341883215963,9767.715222883542,9705.181285811668
2025-11-06,103877.95965955159,0.022066016532082955,RISK_OFF,0.2,0.2,0.004413203306416591,9810.822136001309,9919.335976511251
2025-11-07,101322.6402945857,-0.024599244857529623,RISK_OFF,0.2,0.2,-0.004919848971505925,9762.554372805875,9675.327802000947
2025-11-08,103396.084215925,0.020463777052305065,RISK_OFF,0.2,0.2,0.004092755410461013,9802.510120035096,9873.321553049065
2025-11-09,102290.13714655167,-0.010696218118509737,RISK_OFF,0.2,0.2,-0.0021392436237019476,9781.540162764537,9767.71435216347
2025-11-10,104709.67861656273,0.023653712249349867,RISK_OFF,0.2,0.2,0.004730742449869974,9827.814110037634,9998.757056783388
2025-11-11,105909.07272321742,0.01145447223696272,RISK_OFF,0.2,0.2,0.0022908944473925444,9850.328594812325,10113.28754189445
2025-11-12,102960.77564500563,-0.027838002943495366,RISK_OFF,0.2,0.2,-0.005567600588699074,9795.485899528969,9831.753813534777
2025-11-13,101521.70859453593,-0.01397684741062366,RISK_OFF,0.2,0.2,-0.0027953694821247323,9768.103897182842,9694.336890704182
2025-11-14,99730.4533956204,-0.017644060799543504,RISK_OFF,0.2,0.2,-0.003528812159908701,9733.63409337121,9523.28942119334
2025-11-15,94456.39368235337,-0.05288314184580489,RISK_OFF,0.2,0.2,-0.010576628369160979,9630.68506288423,9019.66795589372
2025-11-16,95508.31019889197,0.011136530578079062,RISK_OFF,0.2,0.2,0.0022273061156158126,9652.13554662236,9120.11576388865
2025-11-17,94411.32947182967,-0.011485709722828141,RISK_OFF,0.2,0.2,-0.0022971419445656283,9629.963221203581,9015.364761586035
2025-11-18,92036.7255045672,-0.025151684448750267,CAPITULATION,0.1,0.2,-0.005030336889750054,9581.521261965025,8788.613151912241
2025-11-19,92819.75921500899,0.00850783973624658,RISK_OFF,0.2,0.1,0.0007507839736246581,9588.714914571452,8863.38526411258
2025-11-20,91363.27838693369,-0.015691495435810054,CAPITULATION,0.1,0.2,-0.0032382990871620107,9557.66378781654,8724.305494694932
2025-11-21,86649.97257918229,-0.05158862390850316,CAPITULATION,0.1,0.1,-0.005258862390850317,9507.401349178399,8274.230579666228
2025-11-22,85051.8019295002,-0.018443983328692348,RISK_OFF,0.2,0.1,-0.001844398332869235,9489.865913980057,8121.620808797107
2025-11-23,84682.62429147748,-0.004340621005640033,CAPITULATION,0.1,0.2,-0.0009681242011280067,9480.678545123274,8086.3679309146
2025-11-24,86783.84766839583,0.024812922302525076,RISK_OFF,0.2,0.1,0.0023812922302525077,9503.254811280296,8287.014350094014
2025-11-25,88229.35740719768,0.016656437547286407,RISK_OFF,0.2,0.2,0.0032312875094572817,9533.962559851178,8425.046487069822
2025-11-26,87310.33159950442,-0.010416326659297148,RISK_OFF,0.2,0.2,-0.0020832653318594296,9514.100786174993,8337.288450740738
2025-11-27,90474.22677969698,0.03623735155085028,RISK_OFF,0.2,0.2,0.007247470310170057,9583.053949150762,8639.409703311076
2025-11-28,91279.06057176423,0.008895724458933607,RISK_OFF,0.2,0.2,0.0017791448917867216,9600.10359063211,8716.263511519568
2025-11-29,90950.37695910994,-0.0036008654185905042,RISK_OFF,0.2,0.2,-0.0007201730837181009,9593.189854425233,8684.877419661614
2025-11-30,90841.45258193677,-0.0011976242519824432,RISK_OFF,0.2,0.2,-0.00023952485039648865,9590.892047060526,8674.476199838333
2025-12-01,90406.28448571145,-0.00479041322938778,RISK_OFF,0.2,0.2,-0.000958082645877556,9581.703179831751,8632.921874292617
2025-12-02,86281.49519776918,-0.04562502829760895,RISK_OFF,0.2,0.2,-0.00912500565952179,9494.27008408793,8239.04456948697
2025-12-03,91344.73275150165,0.058682774818943795,RISK_OFF,0.2,0.2,0.01173655496378876,9605.70010677088,8722.534566681416
2025-12-04,93619.43750817103,0.024902418433448092,RANGE_BOUND,0.4,0.2,0.004980483686689619,9653.541139451885,8939.74677226113
2025-12-05,92140.70419795791,-0.015795152690209924,RANGE_BOUND,0.4,0.4,-0.006518061076083969,9590.61876870445,8798.542106981455
2025-12-06,89307.09154512963,-0.03075310393483055,RANGE_BOUND,0.4,0.4,-0.01230124157393222,9472.642250387127,8527.95962709047
2025-12-07,89244.7620814118,-0.00069792289323789,RANGE_BOUND,0.4,0.4,-0.000279169157295156,9469.997780832728,8522.007768834115
2025-12-08,90162.90714007126,0.010287943373325392,RANGE_BOUND,0.4,0.4,0.004115177349330157,9508.968501198618,8609.68170218692
2025-12-09,90618.0535204608,0.005048044643042093,RANGE_BOUND,0.4,0.4,0.0020192178572168372,9528.169180199951,8653.143759781942
2025-12-10,92723.21372069631,0.023231134618888927,RANGE_BOUND,0.4,0.4,0.009292453847555572,9616.709252558661,8854.166107342035
2025-12-11,92005.13714957413,-0.007744302017887228,RANGE_BOUND,0.4,0.4,-0.0030977208071548915,9586.919372210652,8785.596770890235
2025-12-12,92494.17691640415,0.005315352837689691,RANGE_BOUND,0.4,0.4,0.0021261411350758765,9607.302515846564,8832.295317617185
2025-12-13,90307.26028567803,-0.02364383038623763,RANGE_BOUND,0.4,0.4,-0.009457532154495053,9516.441143384985,8623.466025206284
2025-12-14,90257.4292885891,-0.0005517939192406507,RANGE_BOUND,0.4,0.4,-0.00022071756769626028,9514.340697642692,8618.707649090797
2025-12-15,88230.77409367911,-0.022454164835893686,RISK_OFF,0.2,0.4,-0.008981665934357475,9428.886067910804,8425.181766865733
2025-12-16,86413.9190195637,-0.020592079042470512,RISK_OFF,0.2,0.2,-0.004318415808494102,9388.16821725865,8251.689757975253
2025-12-17,87821.88919109134,0.016293326208349335,RISK_OFF,0.2,0.2,0.0032586652416698673,9418.76111471118,8386.13723097204
2025-12-18,86064.94716216,-0.020005741679143596,RISK_OFF,0.2,0.2,-0.004001148335828719,9381.075254351485,8218.366335843364
2025-12-19,85450.3312009302,-0.007141304113877589,RISK_OFF,0.2,0.2,-0.0014282608227755178,9367.676632090186,8159.676482519853
2025-12-20,88103.86075721023,0.03105347304085293,RISK_OFF,0.2,0.2,0.006210694608170586,9425.856410840195,8413.062776191866
2025-12-21,88347.94310567998,0.002770393333186183,RISK_OFF,0.2,0.2,0.0005540786666372366,9431.079076792226,8436.370269218703
2025-12-22,88577.42038358838,0.0025974263784942497,RISK_OFF,0.2,0.2,0.00051948527569885,9435.978383506572,8458.283119894717
2025-12-23,88491.12020788102,-0.0009742909122171239,RISK_OFF,0.2,0.2,-0.0001948581824434248,9434.139705909185,8450.042291518044
2025-12-24,87406.43636737975,-0.012257544462689118,RISK_OFF,0.2,0.2,-0.002451508892537824,9411.011828526705,8346.465522418159
2025-12-25,87642.60888119951,0.0027020036925782254,RISK_OFF,0.2,0.2,0.0005404007385156451,9416.09754626902,8369.01770307971
2025-12-26,87229.78066010943,-0.004710359793712593,RANGE_BOUND,0.4,0.2,-0.0009420719587425186,9407.226904809897,8329.596618578253
2025-12-27,87305.95655961394,0.000873278585914683,RANGE_BOUND,0.4,0.4,0.00014931143436587322,9408.631511352458,8336.870676934564
2025-12-28,87807.003210775,0.0057389744171572055,RANGE_BOUND,0.4,0.4,0.0022955897668628824,9430.229869570103,8384.71576446864
2025-12-29,87822.90829076794,0.0001811368047119899,RANGE_BOUND,0.4,0.4,7.245472188479597e-05,9430.913134252613,8386.234545090634
2025-12-30,87156.56266080117,-0.00758737831546874,RANGE_BOUND,0.4,0.4,-0.0030349513261874964,9402.290771928654,8322.60501095478
2025-12-31,88414.62856073362,0.01443455158768292,RANGE_BOUND,0.4,0.4,0.005773820635073168,9456.577912404575,8442.738082329313
2026-01-01,87520.18048742875,-0.010116516778560625,RANGE_BOUND,0.4,0.4,-0.00404660671142425,9418.310860757132,8357.326980862437
2026-01-02,88727.67004249741,0.013796698639602312,RISK_ON,1.0,0.4,0.005518679455840925,9470.287499413114,8472.630502650014
2026-01-03,89926.27924953419,0.0135088547514286,RISK_ON,1.0,1.0,0.0129088547514286,9592.538065197308,8587.086037472836
2026-01-04,90593.85443180417,0.007423582826300956,RISK_ON,1.0,1.0,0.007423582826300956,9663.749066038747,8650.832981908588
2026-01-05,91373.21588108438,0.008602807046551808,RISK_ON,1.0,1.0,0.008602807046551808,9746.884434600173,8725.254428843893
2026-01-06,93926.7956485658,0.027946699072129988,RISK_ON,1.0,1.0,0.027946699072129988,10019.277680784771,8969.096488694564
2026-01-07,93666.86387314305,-0.0027673868104188815,RISK_ON,1.0,1.0,-0.0027673868104188815,9991.550463881043,8944.275529370376
2026-01-08,91257.15544035907,-0.025726370384809183,RISK_ON,1.0,1.0,-0.025726370384809183,9734.504135928726,8714.171784278009
2026-01-09,90983.51578142625,-0.0029985556487310827,RISK_ON,1.0,1.0,-0.0029985556487310827,9705.314683564342,8688.041855250249
2026-01-10,90504.89560340019,-0.005260515313299963,RANGE_BOUND,0.4,1.0,-0.005260515313299963,9654.259727051056,8642.338278028114
2026-01-11,90442.01907847001,-0.0006947306497728789,RANGE_BOUND,0.4,0.4,-0.0008778922599091515,9645.784327161524,8636.334180740663
2026-01-12,90819.36598904192,0.004172252172350399,RANGE_BOUND,0.4,0.4,0.0016689008689401597,9661.882185006732,8672.367144787402
2026-01-13,91134.96917951507,0.003475064894322477,RANGE_BOUND,0.4,0.4,0.001390025957728991,9675.312452044413,8702.504183402929
2026-01-14,95260.4422971001,0.04526772933294998,RISK_ON,1.0,0.4,0.01810709173317999,9850.50422216076,9096.446787296076
2026-01-15,97007.78078881276,0.018342750144525022,RISK_ON,1.0,1.0,0.017742750144525022,10025.279257372149,9263.300637918415
2026-01-16,95584.82797878512,-0.014668439979318992,RISK_ON,1.0,1.0,-0.014668439979318992,9878.224050309473,9127.422468500723
2026-01-17,95516.07771987123,-0.0007192591164064677,RISK_ON,1.0,1.0,-0.0007192591164064677,9871.119047607383,9120.85748668096
2026-01-18,95099.53192554631,-0.00436100187809807,RISK_ON,1.0,1.0,-0.00436100187809807,9828.071078901838,9081.081410051678
2026-01-19,93752.70577188236,-0.014162279523293408,RISK_ON,1.0,1.0,-0.014162279523293408,9688.883189107635,8952.472596748745
2026-01-20,92558.46334372147,-0.01273821825544652,RANGE_BOUND,0.4,1.0,-0.01273821825544652,9565.464080393254,8838.434046885453
2026-01-21,88312.84053255555,-0.045869633718955916,RISK_OFF,0.2,0.4,-0.018947853487582367,9384.21906845723,8433.018314505669
2026-01-22,89354.34377512129,0.011793338729511271,RISK_OFF,0.2,0.2,0.0021586677459022544,9404.47647948079,8532.471756000807
2026-01-23,89443.39744146909,0.0009966349993226764,RISK_OFF,0.2,0.2,0.0001993269998645353,9406.351045562744,8540.97551598357
2026-01-24,89412.39849953113,-0.0003465760785555938,RISK_OFF,0.2,0.2,-6.931521571111876e-05,9405.699042310966,8538.015418182202
2026-01-25,89170.87364531498,-0.0027012456691609676,RISK_OFF,0.2,0.2,-0.0005402491338321935,9400.617621550271,8514.952141010606
2026-01-26,86548.32213469829,-0.029410405028082565,RISK_OFF,0.2,0.2,-0.005882081005616513,9345.322427197485,8264.523949748746
2026-01-27,88307.8612070438,0.020330134992184723,RISK_OFF,0.2,0.2,0.004066026998436945,9383.32076049557,8432.54283729328
2026-01-28,89204.22239644526,0.01015041217338375,RISK_OFF,0.2,0.2,0.0020300824346767498,9402.369675150389,8518.136622761524
2026-01-29,89162.09701574955,-0.0004722352772550398,RISK_OFF,0.2,0.2,-9.444705545100796e-05,9401.481649020308,8514.114058151777
2026-01-30,84570.40906135936,-0.05149820504534697,RISK_OFF,0.2,0.2,-0.010299641009069395,9304.649763082045,8075.652466605607
2026-01-31,84141.77856967277,-0.005068327047769161,RISK_OFF,0.2,0.2,-0.0010136654095538322,9295.217961469196,8034.722418780725
2026-02-01,78725.85853884545,-0.0643665979361574,CAPITULATION,0.1,0.2,-0.01287331958723148,9175.557650018229,7517.554671322436
2026-02-02,76937.06406636834,-0.02272181600400669,CAPITULATION,0.1,0.1,-0.002372181600400669,9153.79156098744,7346.7421772805865
2026-02-03,78767.65815345927,0.023793396710742654,RISK_OFF,0.2,0.1,0.0023793396710742654,9175.571540389243,7521.546128436168
2026-02-04,75638.95670207398,-0.03972063566101958,CAPITULATION,0.1,0.2,-0.008044127132203914,9101.762076407718,7222.7855350610025
2026-02-05,73172.29203248928,-0.0326110350688783,CAPITULATION,0.1,0.1,-0.00336110350688783,9071.170111973846,6987.243022682142
2026-02-06,62853.69038445987,-0.14101788206180332,CAPITULATION,0.1,0.1,-0.014101788206180334,8943.250392272557,6001.916810172393
2026-02-07,70523.95417035831,0.12203362664914996,CAPITULATION,0.1,0.1,0.012203362664914997,9052.388120212603,6734.3524853642275
2026-02-08,69296.80677355142,-0.017400433813489546,CAPITULATION,0.1,0.1,-0.0017400433813489547,9036.636572178626,6617.171830665939
2026-02-09,70542.37329463876,0.01797437110136424,CAPITULATION,0.1,0.1,0.001797437110136424,9052.879358104276,6736.111332791822
2026-02-10,70096.40692272567,-0.006321964389408796,CAPITULATION,0.1,0.1,-0.0006321964389408796,9047.15616001192,6693.525876822819
2026-02-11,68779.90981269129,-0.018781235270528107,CAPITULATION,0.1,0.1,-0.0018781235270528109,9030.164483174882,6567.813192540842
2026-02-12,66937.58141157958,-0.0267858507830111,CAPITULATION,0.1,0.1,-0.00267858507830111,9005.976419335646,6391.88872839475
2026-02-13,66184.57765470445,-0.011249342163188292,CAPITULATION,0.1,0.1,-0.0011249342163188291,8995.845288310175,6319.984185020011
2026-02-14,68838.87490510389,0.040104467603424565,CAPITULATION,0.1,0.1,0.0040104467603424565,9031.92264690322,6573.4437860223015
2026-02-15,69765.59638824302,0.01346218229767171,CAPITULATION,0.1,0.1,0.0013462182297671712,9044.081585820328,6661.936684593232
2026-02-16,68716.58337486399,-0.015036250927195072,CAPITULATION,0.1,0.1,-0.0015036250927195072,9030.482677807287,6561.766132942601
2026-02-17,68907.78353606178,0.0027824456893432714,CAPITULATION,0.1,0.1,0.00027824456893432714,9032.995360567242,6580.023890833686
2026-02-18,67489.45540267964,-0.02058298875104403,CAPITULATION,0.1,0.1,-0.002058298875104403,9014.402756377762,6444.587333107056
2026-02-19,66456.3537620677,-0.01530760078663973,CAPITULATION,0.1,0.1,-0.001530760078663973,9000.6038685053,6345.936162977218
2026-02-20,66918.68417467622,0.006956903086555055,RISK_OFF,0.2,0.1,0.0006956903086555056,9006.865501388667,6390.084225856516
2026-02-21,67970.29403133177,0.015714741998072768,RISK_OFF,0.2,0.2,0.003042948399614554,9034.27292835166,6490.502750811806
2026-02-22,67977.90904199042,0.00011203439336515686,RISK_OFF,0.2,0.2,2.2406878673031374e-05,9034.475358209065,6491.229910350128
2026-02-23,67585.11718938159,-0.005778227929402857,RISK_OFF,0.2,0.2,-0.0011556455858805716,9024.034706640605,6453.722104385968
2026-02-24,64577.553200674425,-0.0445003887509674,RISK_OFF,0.2,0.2,-0.008900077750193481,8943.720096131057,6166.528961850082
2026-02-25,64074.11098528222,-0.007795932029628916,RISK_OFF,0.2,0.2,-0.0015591864059257832,8929.775169338765,6118.45512120476
2026-02-26,67947.39185585188,0.06045001344551393,RANGE_BOUND,0.4,0.2,0.012090002689102786,9037.736175149155,6488.315815547361
2026-02-27,67469.06040327046,-0.007039732350524686,RANGE_BOUND,0.4,0.4,-0.0030158929402098744,9010.479330423044,6442.639808800232
2026-02-28,65883.99096235317,-0.023493278718321298,RISK_OFF,0.2,0.4,-0.00939731148732852,8925.805049504923,6291.281076090335
2026-03-01,67008.45435746174,0.01706732361964991,RISK_OFF,0.2,0.2,0.003213464723929982,8954.487809164184,6398.656406198148
2026-03-02,65713.4989891121,-0.019325253518632346,RISK_OFF,0.2,0.2,-0.0038650507037264695,8919.878259755864,6275.000748969748
2026-03-03,68864.03691918531,0.04794354247664123,RANGE_BOUND,0.4,0.2,0.009588708495328247,9005.408372202479,6575.846513918935
2026-03-04,68321.6178484252,-0.00787666676289478,RANGE_BOUND,0.4,0.4,-0.003350666705157912,8975.23425020339,6524.050762244852
2026-03-05,72669.7701652216,0.06364240856302605,RANGE_BOUND,0.4,0.4,0.02545696342521042,9203.716460243513,6939.25706634156
2026-03-06,70874.98687140146,-0.02469779785651638,RANGE_BOUND,0.4,0.4,-0.009879119142606552,9112.791848777999,6767.872698042653
2026-03-07,68148.28339966535,-0.03847201378228904,RANGE_BOUND,0.4,0.4,-0.015388805512915616,8972.556867337471,6507.499006326778
2026-03-08,67271.1907777184,-0.012870355322130655,RISK_OFF,0.2,0.4,-0.005148142128852263,8926.364869325209,6423.74518185694
2026-03-09,66036.15782362667,-0.01835901728234013,RISK_OFF,0.2,0.2,-0.003871803456468026,8891.80373897046,6305.8115330458795
2026-03-10,68459.31537095344,0.03669440541647928,RANGE_BOUND,0.4,0.2,0.0073388810832958565,8957.059629226771,6537.199537919376
2026-03-11,69883.00887579883,0.020796198400918398,RANGE_BOUND,0.4,0.4,0.008118479360367359,9029.77733295623,6673.148436496339
2026-03-12,70226.818790692,0.004919792670979861,RANGE_BOUND,0.4,0.4,0.0019679170683919445,9047.547185893533,6705.978943266574
2026-03-13,70544.42535461926,0.00452258224701696,RANGE_BOUND,0.4,0.4,0.001809032898806784,9063.91449640632,6736.307284584261
2026-03-14,70965.28228600459,0.005965842506615138,RISK_ON,1.0,0.4,0.0023863370026460553,9085.544050957915,6776.495032920255
2026-03-15,71217.1010283798,0.0035484779918204534,RISK_ON,1.0,1.0,0.0029484779918204536,9112.33257763588,6800.541276406252
2026-03-16,72681.9132538886,0.020568265267145502,RISK_ON,1.0,1.0,0.020568265267145502,9299.757451295147,6940.416613339548
2026-03-17,74858.14870100339,0.029941911951504085,RISK_ON,1.0,1.0,0.029941911951504085,9578.20997007217,7148.225956482917
2026-03-18,73926.27899152413,-0.012448473888945766,RISK_ON,1.0,1.0,-0.012448473888945766,9458.975873356887,7059.241452311356
2026-03-19,71255.86350265636,-0.03612268228966242,RANGE_BOUND,0.4,1.0,-0.03612268228966242,9117.292293098033,6804.242716123497
2026-03-20,69871.4514796119,-0.019428745298874173,RANGE_BOUND,0.4,0.4,-0.00837149811954967,9040.966897810978,6672.0448174402145
2026-03-21,70552.62530009366,0.00974895763658945,RANGE_BOUND,0.4,0.4,0.00389958305463578,9076.222899123206,6737.090299714865
2026-03-22,68733.54779458739,-0.02578327167513428,RANGE_BOUND,0.4,0.4,-0.010313308670053712,8982.617010806338,6563.386070217405
2026-03-23,67848.87605821833,-0.012871032628970713,RISK_OFF,0.2,0.4,-0.005148413051588286,8936.370788150483,6478.908513951105
2026-03-24,70892.82823994374,0.044863708267083524,RANGE_BOUND,0.4,0.2,0.008772741653416705,9014.767260394068,6769.576375410131
2026-03-25,70524.51175942823,-0.005195398316863664,RISK_OFF,0.2,0.4,-0.002278159326745466,8994.230184281361,6734.405729703445
2026-03-26,71309.26403856269,0.011127369187770908,RANGE_BOUND,0.4,0.2,0.0020254738375541817,9012.447762208563,6809.341948518095
2026-03-27,68791.11093800364,-0.03531312704611955,RISK_OFF,0.2,0.4,-0.014325250818447823,8883.342187526769,6568.882791189604
2026-03-28,66321.016242762,-0.03590717843571034,RISK_OFF,0.2,0.2,-0.0073814356871420685,8817.770368482663,6333.012744683092
2026-03-29,66321.06539994745,7.412007270168885e-07,RISK_OFF,0.2,0.2,1.4824014540337772e-07,8817.771675630225,6333.017438716743
2026-03-30,65970.42899513361,-0.005286953740856415,RISK_OFF,0.2,0.2,-0.001057390748171283,8808.447845440927,6299.535068478211
2026-03-31,66699.27436893585,0.011048061758943462,RISK_OFF,0.2,0.2,0.0022096123517886925,8827.9111006003,6369.132720967387
2026-04-01,68231.83047993251,0.02297710320684443,RISK_OFF,0.2,0.2,0.004595420641368886,8868.479065492169,6515.476940835146
2026-04-02,68089.0553821667,-0.002092499889883581,RISK_OFF,0.2,0.2,-0.00041849997797671623,8864.767607198573,6501.843306053909
2026-04-03,66891.6645686824,-0.01758565758863362,RISK_OFF,0.2,0.2,-0.003517131517726724,8833.589053649974,6387.504115978696
2026-04-04,66939.69121715311,0.0007179765787019843,RISK_OFF,0.2,0.2,0.00014359531574039685,8834.857515659254,6392.090194330331
2026-04-05,67304.24955635444,0.00544607141999931,RISK_OFF,0.2,0.2,0.001089214283999862,8844.480568662413,6426.901974051731
2026-04-06,68985.52642694542,0.024980248374706804,RANGE_BOUND,0.4,0.2,0.004996049674941361,8888.668032932503,6587.447581643436
2026-04-07,68864.23452757328,-0.0017582224222146836,RISK_OFF,0.2,0.4,-0.0009032889688858735,8880.638997150267,6575.865383600227
2026-04-08,71975.62171045873,0.04518146762583486,RANGE_BOUND,0.4,0.2,0.008836293525166971,8959.11093002013,6872.972632541208
2026-04-09,71117.07713411814,-0.011928268987995927,RANGE_BOUND,0.4,0.4,-0.004971307595198371,8914.572433807496,6790.989966233123
2026-04-10,71770.7468500515,0.009191459242631872,RISK_ON,1.0,0.4,0.003676583697052749,8947.347605483828,6853.409073724876
2026-04-11,72972.70823557042,0.016747232518426358,RISK_ON,1.0,1.0,0.01614723251842636,9091.822507692761,6968.18470902644
2026-04-12,73053.88808483821,0.0011124686369832215,RISK_ON,1.0,1.0,0.0011124686369832215,9101.936875085588,6975.936595971939
2026-04-13,70756.75105500016,-0.031444418497895144,RANGE_BOUND,0.4,1.0,-0.031444418497895144,8815.731762843972,6756.582326233414
2026-04-14,74514.63006655,0.05310982988222279,RISK_ON,1.0,0.4,0.02064393195288912,8997.723129471045,7115.423264164904
2026-04-15,74181.10807228928,-0.004475926324305046,RISK_ON,1.0,1.0,-0.005075926324305046,8952.051349779354,7083.575153868255
2026-04-16,74833.50639132406,0.008794669370522534,RISK_ON,1.0,1.0,0.008794669370522534,9030.781681588604,7145.872855307775
2026-04-17,75149.1930221427,0.0042185198321167405,RISK_ON,1.0,1.0,0.0042185198321167405,9068.878213211903,7176.017861665676
2026-04-18,77128.44334858148,0.026337612512427055,RISK_ON,1.0,1.0,0.026337612512427055,9307.73081351387,7365.017039488482
2026-04-19,75728.45681761758,-0.018151365050071977,RISK_ON,1.0,1.0,-0.018151365050071977,9138.782793729975,7231.331926604726
2026-04-20,73856.05501487634,-0.02472520742434614,RISK_ON,1.0,1.0,-0.02472520742434614,8912.824493548957,7052.535744765127
2026-04-21,75874.54629352967,0.027330071694822378,RISK_ON,1.0,1.0,0.027330071694822378,9156.412625961018,7245.282052299855
2026-04-22,76350.25202878818,0.0062696353190461185,RISK_ON,1.0,1.0,0.0062696353190461185,9213.819993956502,7290.707328551406
2026-04-23,78194.78334884858,0.024158811150550186,RISK_ON,1.0,1.0,0.024158811150550186,9436.41493116566,7466.8421500558115
2026-04-24,78260.61998045091,0.0008419568260533694,RISK_ON,1.0,1.0,0.0008419568260533694,9444.359985130428,7473.128908773114
2026-04-25,77444.79563692068,-0.010424455412364697,RISK_ON,1.0,1.0,-0.010424455412364697,9345.907675567114,7395.225609672754
2026-04-26,77619.14219872655,0.002251236643753929,RISK_ON,1.0,1.0,0.002251236643753929,9366.947525395493,7411.874012554077
2026-04-27,78645.12560170851,0.013218174974868324,RISK_ON,1.0,1.0,0.013218174974868324,9490.76147676658,7509.845460143696
2026-04-28,77361.29911038803,-0.01632429831471449,RISK_ON,1.0,1.0,-0.01632429831471449,9335.831455186042,7387.252502554907
2026-04-29,76345.22521002527,-0.013134136991584389,RISK_ON,1.0,1.0,-0.013134136991584389,9213.213365923286,7290.227316194926
2026-04-30,75774.8855230121,-0.007470535130968181,RANGE_BOUND,0.4,1.0,-0.007470535130968181,9144.385731804052,7235.765416916547
2026-05-01,76286.57710950871,0.006752786005083777,RANGE_BOUND,0.4,0.4,0.0021011144020335114,9163.599132362893,7284.62699235997
2026-05-02,78172.07422147921,0.024715974728606316,RANGE_BOUND,0.4,0.4,0.009886389891442526,9254.194046194318,7464.673649010462
2026-05-03,78655.34555331903,0.006182147994059806,RISK_ON,1.0,0.4,0.0024728591976239224,9277.078365058047,7510.821366236003
2026-05-04,78562.55051754859,-0.0011797676956047942,RANGE_BOUND,0.4,1.0,-0.001779767695604794,9260.567320674321,7501.960341820661
2026-05-05,79823.88555955577,0.016055169208456732,RISK_ON,1.0,0.4,0.0058220676833826935,9314.48297040181,7622.405584503723
2026-05-06,80925.09365495079,0.013795470963054335,RISK_ON,1.0,1.0,0.013195470963054335,9437.391959973611,7727.560259413367
2026-05-07,81424.99515650333,0.006177336089149499,RISK_ON,1.0,1.0,0.006177336089149499,9495.689901915404,7775.295996284919
2026-05-08,80022.04125006415,-0.017230015227420292,RISK_ON,1.0,1.0,-0.017230015227420292,9332.079020310543,7641.32752787123
2026-05-09,80189.06503567853,0.002087222257833199,RISK_ON,1.0,1.0,0.002087222257833199,9351.557143353593,7657.276676766796
2026-05-10,80678.03394296461,0.006097700566386699,RISK_ON,1.0,1.0,0.006097700566386699,9408.580138643218,7703.968457095697
2026-05-11,82145.65606759128,0.018191099273244582,RISK_ON,1.0,1.0,0.018191099273244582,9579.732553965554,7844.112112096669
2026-05-12,81725.20771701908,-0.0051183272579410355,RISK_ON,1.0,1.0,-0.0051183272579410355,9530.700347710808,7803.96337925898
2026-05-13,80480.88600120835,-0.015225678227937967,RISK_ON,1.0,1.0,-0.015225678227937967,9385.588970929666,7685.142743943771
2026-05-14,79277.8045183824,-0.014948661012602171,RANGE_BOUND,0.4,1.0,-0.014948661012602171,9245.286982999622,7570.260150231096
2026-05-15,81051.9828878728,0.02237925709810762,RISK_ON,1.0,0.4,0.008351702839243047,9322.500872545157,7739.676948432677
2026-05-16,79068.82024044942,-0.024467786928382473,RANGE_BOUND,0.4,1.0,-0.025067786928382473,9088.806407032534,7550.304181963913
2026-05-17,78135.00994863857,-0.01181009516736331,RISK_OFF,0.2,0.4,-0.005324038066945324,9040.417255738397,7461.134371032377
2026-05-18,77425.71519168488,-0.009077809773364587,RISK_OFF,0.2,0.2,-0.0020155619546729175,9022.195734663363,7393.403612518633
2026-05-19,76952.2148594993,-0.006115543537613011,RISK_OFF,0.2,0.2,-0.0012231087075226022,9011.160608499322,7348.18893083513
2026-05-20,76808.8105527178,-0.0018635500881077904,RISK_OFF,0.2,0.2,-0.00037271001762155813,9007.802058670137,7334.4952127056395
2026-05-21,77459.94434557436,0.008477332068691057,RISK_OFF,0.2,0.2,0.0016954664137382115,9023.074484522214,7396.67216417997
2026-05-22,77546.33765297421,0.0011153288080665291,RISK_OFF,0.2,0.2,0.00022306576161330583,9025.087223504197,7404.921885728504
2026-05-23,75482.52379955728,-0.02661394355788471,RISK_OFF,0.2,0.2,-0.0053227887115769425,8977.048591109931,7207.84771261118
2026-05-24,76672.79289056802,0.01576880357328103,RISK_OFF,0.2,0.2,0.0031537607146562064,9005.360054290133,7321.506847377469
2026-05-25,76988.16126107218,0.004113171812513361,RISK_OFF,0.2,0.2,0.0008226343625026722,9012.768172917502,7351.621462967226
2026-05-26,77274.40152182181,0.003717977622286206,RANGE_BOUND,0.4,0.2,0.0007435955244572412,9019.470026993853,7378.954627054058
2026-05-27,75824.06332542913,-0.018768675885287966,RANGE_BOUND,0.4,0.4,-0.007707470354115187,8949.952729150968,7240.461419286634
2026-05-28,74352.69928002391,-0.019404974896825022,RISK_OFF,0.2,0.4,-0.007761989958730009,8880.483285936189,7099.9604472039455
2026-05-29,73539.84189606174,-0.010932452914733104,RISK_OFF,0.2,0.2,-0.002386490582946621,8859.290096202289,7022.340463918422
2026-05-30,73382.71831425565,-0.002136577639481052,RISK_OFF,0.2,0.2,-0.0004273155278962104,8855.504383978043,7007.33668830639
2026-05-31,73751.06787328025,0.005019568196522384,RISK_OFF,0.2,0.2,0.0010039136393044767,8864.39454561204,7042.510492689338
2026-06-01,73593.37119702855,-0.0021382290561900996,RISK_OFF,0.2,0.2,-0.00042764581123801995,8860.603724415449,7027.451992125345
2026-06-02,71360.32521325785,-0.030343031545494226,RISK_OFF,0.2,0.2,-0.006068606309098845,8806.832208751035,6814.21779464384
2026-06-03,66649.85561928031,-0.06600964303204149,CAPITULATION,0.1,0.2,-0.013201928606408299,8690.565038682485,6364.413710476815
2026-06-04,64021.88915867498,-0.03942943966175849,CAPITULATION,0.1,0.1,-0.00404294396617585,8655.429571196686,6113.468444097101
2026-06-05,63796.2543917893,-0.0035243378452400886,CAPITULATION,0.1,0.1,-0.0003524337845240089,8652.379105396227,6091.922515893888
2026-06-06,60921.79441516493,-0.04505687683436033,CAPITULATION,0.1,0.1,-0.004505687683436033,8613.394187428623,5817.439513410792
2026-06-07,60861.88012897632,-0.000983462269353197,CAPITULATION,0.1,0.1,-9.83462269353197e-05,8612.547092609184,5811.7182811451075
2026-06-08,63254.57215050675,0.039313475306052226,CAPITULATION,0.1,0.1,0.003931347530605223,8646.406008353935,6040.1971242766385
2026-06-09,63078.44049480062,-0.002784488926540263,CAPITULATION,0.1,0.1,-0.0002784488926540263,8643.998426175473,6023.378262269969
2026-06-10,61658.311991466595,-0.022513690766515992,RISK_OFF,0.2,0.1,-0.002251369076651599,8624.537595420155,5887.7697867034685
2026-06-11,61492.514389714524,-0.002688974063626892,RISK_OFF,0.2,0.2,-0.0006377948127253785,8619.036910079642,5871.937726454417
2026-06-12,63552.30087011473,0.033496540202375025,RISK_OFF,0.2,0.2,0.0066993080404750055,8676.778493352489,6068.6273245744405
2026-06-13,63537.739003707065,-0.00022913200951479862,RISK_OFF,0.2,0.2,-4.582640190295973e-05,8676.380867814029,6067.236807800565
2026-06-14,64377.57668942172,0.013217934709097268,RISK_OFF,0.2,0.2,0.002643586941819454,8699.317634978435,6147.433147790704
2026-06-15,65713.6235604093,0.0207532954748062,RISK_OFF,0.2,0.2,0.00415065909496124,8735.425536840015,6275.012644318423
2026-06-16,66300.95853652984,0.008937796217866723,RISK_OFF,0.2,0.2,0.0017875592435733446,8751.04062750494,6331.097428597878
2026-06-17,65598.9439666077,-0.010588301970556824,RANGE_BOUND,0.4,0.2,-0.002117660394111365,8732.508895360814,6264.061857218868
